,0,1,2,3,4,5,6,7,8,9,10,11,12,13,14,15,16,17,18,19,target
0,2.3608987,0.2099346,0.014933241,-0.016603233,-0.007443799,-0.0057231598,-0.0007884979,-0.0012554746,0.0004945954,0.002665595,0.003958772,0.00322846,-0.0005166089,-0.0006507578,0.00049869,0.001702841,-0.001140545,-0.0016720594,0.0002620639,0.00057708577,alt.atheism
1,3.1024334,-0.0367414,0.031081552,-0.03470415,-0.01003463,-0.0006599973,-0.0021756717,0.0056359316,-0.008997309,0.00037644943,-0.0064510386,0.005128087,0.006785683,0.0025681723,-0.0035189057,0.0026740804,0.0040216562,-0.004742567,0.001233975,-0.0069656344,alt.atheism
2,2.8265936,-0.041770592,0.025772266,-0.025409404,-0.008519926,0.006591961,-0.006816664,0.00015723628,0.0037270107,-0.00070752087,-0.0006014151,0.0010157138,0.0023803385,0.0032262602,-0.000946559,-0.0031594427,0.0011989848,-0.0030972771,0.0038494,0.002132537,alt.atheism
3,2.6989138,0.22941491,0.02539133,-0.026379168,-0.013423906,-0.003730161,-0.0029026577,0.0033670433,0.0052673514,-0.00043533422,0.0005203864,0.0029331374,-0.00072578376,0.0007985216,0.00015310865,0.00237343,0.0005835687,-0.0011870397,-0.0011228675,0.0009786194,alt.atheism
4,2.1594453,0.26638547,0.011725897,-0.010809336,-0.00804291,-0.005410651,0.0009925095,-0.0006575363,0.003486193,0.0006841831,0.00018181457,0.00096403895,-7.0138885e-05,-0.00012421208,-0.0010740043,0.0005424369,0.00050947996,2.8033393e-05,0.001495396,0.0012574643,alt.atheism
5,2.5278502,0.263522,0.012907761,-0.0153803965,-0.005113283,-0.00994722,-0.0017173559,0.00023253934,0.0014313292,0.0013451844,0.009383493,0.00034079663,-0.0013390611,0.002078479,-0.0044825505,0.00040274832,0.0021837584,-0.0008229093,-0.0012386169,0.0005868529,alt.atheism
6,2.2208219,0.17552568,0.0196348,-0.019915367,-0.0012457005,-0.0029516867,-0.0014634017,-0.00040668942,-0.00082262064,0.005918963,0.0026711174,-0.0005231512,0.002781123,-0.0017292774,0.0027971158,-0.002274991,-0.00085693545,0.0005449153,-6.353354e-05,0.00039021505,alt.atheism
7,0.8962809,0.2026993,0.0027375119,-0.0035483362,0.0010774897,-0.0012721363,-0.0068318155,0.00016390829,-0.0054148776,0.010940655,0.005285478,0.0010277589,-0.009167693,0.012906948,0.005943768,-0.010445602,0.0044928445,-0.006495636,-0.008950478,-0.00092299696,alt.atheism
8,1.0780947,0.2675522,0.0069848807,-0.012986768,-0.0037866654,-0.011521145,-0.0004634232,0.0037883744,-0.013951393,0.0029488911,0.0064090188,0.022848172,0.018668361,0.008230097,0.0071725156,0.010057803,-0.006603336,0.0067779645,-0.0007179156,-0.0028115525,alt.atheism
9,2.3997061,0.21760973,0.019003563,-0.020220347,-0.004401171,-0.008082292,0.0012693534,-0.0024821933,0.0020386674,0.006162399,0.0029357313,0.0016620181,-0.0006545098,-0.0016187725,0.0028464776,-0.0023057028,0.00014432165,0.00034117384,-0.00061204535,0.0009740468,alt.atheism
10,2.6485007,0.114929624,0.023124132,-0.025875943,-0.012246712,-0.000986422,-0.0012014562,0.0019824926,-0.0013236937,-0.0031338418,-0.00035295828,0.0018126838,0.00032919788,0.00057380315,-0.00038904112,0.001678788,-0.0004731584,-0.0033718538,0.0003496802,0.0009207112,alt.atheism
11,2.8811233,0.13762653,0.019457307,-0.02330744,-0.00829061,-0.00054343685,-0.0025474518,0.0017424456,-0.0030099102,0.00017634386,-0.0011517846,0.0006202149,0.001229921,0.0019355019,-0.0019593406,0.0011951721,0.00063731405,-0.00040122014,6.3607695e-05,-0.00033561946,alt.atheism
12,2.636977,0.1708289,0.019224908,-0.018392103,-0.010636661,-0.000544101,0.00068765675,0.00022833748,0.00094970147,6.310524e-06,0.0010105168,0.000898353,9.413825e-05,0.00011518599,0.00091080536,0.00048667056,0.0010097346,0.0002567975,-0.00011352977,-0.00027400188,alt.atheism
14,2.630444,0.22766419,0.021537978,-0.024552092,-0.0076761604,-0.0040522288,-0.0024031682,-0.0017365991,0.0013007112,-8.172384e-05,0.00055520074,-0.0003056914,-0.0010089311,-0.0015643559,-0.001438801,0.0014627634,0.0008911572,0.0016765542,-0.0013551087,0.0004013142,alt.atheism
15,1.3892424,0.16859367,-0.0031896792,-0.005090515,-0.0026152765,-0.0037859334,0.0020495132,-0.0018547319,-0.002288272,0.0015555602,-0.0024008225,0.006473804,0.0034243492,0.0033327579,-0.008633474,0.0036806636,0.005432025,0.0040157014,0.0019232614,-0.003330979,alt.atheism
16,2.8798704,0.35408795,0.015481557,-0.020750098,-0.011580014,-0.007991834,-0.00045538245,0.0032687006,0.004314673,0.00092009886,-0.0052977093,-0.0029433384,-0.005334056,-0.005206327,0.006351022,0.007594833,-0.00828658,0.0027234186,0.0015608384,-0.0074759247,alt.atheism
17,3.0790324,0.054792747,0.039097928,-0.044469878,-0.014567923,0.0009569421,-0.0064125215,0.0051671565,-0.0010125709,-0.0036416003,0.000546585,0.00023656478,0.0001472235,0.0015633228,0.0011425359,0.004460535,2.2293241e-05,-0.00016144551,0.0009895376,0.00038153675,alt.atheism
18,2.7427745,0.079488896,0.0385635,-0.035913996,-0.016081395,0.0022866675,-0.0048939553,0.006384305,0.0072791404,-0.0065785064,-0.0013139952,0.0020619594,-0.00032948883,-0.00021960237,-0.0022209054,-0.00027329611,-0.0009449443,0.0023820344,-0.0021834953,-0.004340211,alt.atheism
19,2.3222892,0.20325863,0.01741269,-0.016709518,-0.0076050186,-0.0015044077,-0.0007127263,-0.0020255742,-0.0004122291,0.0009098418,0.002482133,0.0008737456,-0.00020264141,0.000995927,0.00051711226,0.00014460689,0.002011661,0.00072151807,6.105567e-05,0.00059668,alt.atheism
20,3.1859336,0.122137696,0.026751118,-0.019630905,-0.021994835,0.0023520323,0.0053321016,0.008327761,0.008383144,-0.016771877,-0.005179677,-0.0091412105,0.007900669,-0.010002562,0.003195169,0.002425298,-0.005880265,0.0017734752,-0.0076372004,0.0060608713,alt.atheism
21,2.099719,0.32034925,0.009078752,-0.0073147356,-0.009729551,-0.0063287816,0.0027894638,0.0007282007,0.0036958924,9.470014e-05,-0.0025348908,0.0007128982,-0.0008615769,0.0015530427,0.0021696873,-0.0011220932,7.017933e-05,0.0013289874,0.0006320655,-0.00093743356,alt.atheism
22,2.2359183,0.38753504,0.0136918705,-0.010946655,-0.00271863,-0.007654036,0.004124317,-0.002514245,0.0004286929,-0.002477589,0.0066725267,-0.0020433173,0.0018776138,-0.0016154902,-0.007977001,0.0030180688,-0.0009756259,0.0042151795,0.0034093426,0.0065912246,alt.atheism
23,2.5125852,0.3169345,0.022842988,-0.023669416,-0.013015553,-0.002659476,0.0011488146,0.002136346,0.005625237,-0.000986672,-0.00085384777,0.0010799844,-0.0009299579,0.00021346833,0.0011596973,-0.0025922186,0.002498797,0.003841484,-0.002429995,-0.0006022928,alt.atheism
24,2.4990423,0.2237995,0.037728798,-0.037987664,-0.010064464,0.0014979143,-0.0025458585,0.0056365477,0.009966063,-0.00280094,-0.0021863417,-0.00080804614,-0.0032816618,-0.0035392717,0.0034752563,-0.0009088792,0.0024416503,0.0015820754,-0.001870384,-0.0053153113,alt.atheism
25,2.9777386,0.019491201,0.051930107,-0.053831,-0.008290886,0.0055243177,-0.011364478,0.0019012134,0.008781365,4.0740438e-06,0.0027956027,0.0003022185,-0.0021441188,0.0007784665,0.0016739946,0.000561359,0.0023712765,-0.0033356927,0.0071525816,0.0038717422,alt.atheism
26,2.178579,0.33000404,-0.0024883528,0.00016670107,-0.007228127,-0.005931762,0.008137712,-0.008004664,0.0034394898,0.00067774276,0.000992813,0.0034855471,-0.0011867699,-0.001260465,0.00011315725,0.000383492,0.0032694272,0.001971646,0.0038390358,0.0024507665,alt.atheism
27,2.3153532,0.18896961,0.016927982,-0.01860031,-0.005462436,-0.0044580083,0.0012090479,-2.6809183e-05,-0.0007918031,-0.0030245434,-0.0025450366,-0.00043700932,0.0019159882,0.0009638905,0.0010118367,-0.0010995414,-0.0030385116,-0.0006742275,-0.00068620604,0.00067440537,alt.atheism
28,2.7065756,0.16535898,0.013712,-0.013320903,-0.007955567,-0.0037233257,0.0020409643,0.0050710184,0.00157859,-0.0003879248,0.00019058079,-0.0013870461,0.0003338255,-0.0044176234,-0.0025561468,-0.00081758096,-0.000918438,0.0014025974,0.0018370248,0.0051464867,alt.atheism
29,1.740116,0.14350931,0.0048191412,-0.0085831145,-0.005653225,-0.0013751754,0.00026571142,-0.0007935285,-0.00033323813,0.0033553205,0.00048612786,0.0025234001,0.0004120951,-0.00064507127,-0.00311621,0.003388511,0.00012832125,-0.00025915419,0.0032419895,-0.0018192212,alt.atheism
30,2.7387779,0.1237743,0.027535895,-0.029313443,-0.007894378,-0.002050948,-0.0039247684,0.0005260078,-0.0010180299,0.00067194883,-0.001641124,0.0011246938,0.00040816405,1.51501135e-05,0.00092469464,0.002057654,0.0007231495,-0.00030771163,-0.00062269694,-0.0017579676,alt.atheism
31,2.814248,0.07726543,0.035945304,-0.036171474,-0.009621516,0.003012057,-0.004737618,0.004724255,0.0055510304,-0.002017751,0.001998575,-0.0006263846,0.0004418556,0.0020518533,1.665651e-05,-0.00071712857,0.00047776196,0.0019116533,0.00061908475,-0.004855396,alt.atheism
32,2.6746507,0.098792575,0.014126786,-0.015771562,-0.008320612,-0.0011407094,0.0017188597,0.0004502092,0.0030358464,-0.0036478718,-0.0021792254,-0.0011438407,0.00052657025,-0.0026595592,0.001172078,0.00054227887,-0.001967809,0.0015251084,-0.0019808926,0.0045074336,alt.atheism
33,2.7788746,0.116622165,0.03644611,-0.03812849,-0.013736196,0.004277232,-0.0058755954,0.0070360648,0.0063702906,-0.0022632766,-0.0043952614,-0.0008282327,-0.00040136438,-0.0004872959,-0.0027333442,-0.00032596843,0.002953636,0.0041295006,0.0016084117,-0.004055288,alt.atheism
34,2.8335044,0.10163063,0.020600421,-0.019848177,-0.011870392,-0.0025478438,-0.0029394734,0.0062742718,0.0025134112,0.0018283846,-0.0020750337,-4.5443012e-05,-0.00017349017,0.0027827977,-0.002837005,0.0035782636,-0.003571031,0.0006320633,0.0030992338,-0.0006029606,alt.atheism
35,2.6536534,0.29891142,0.025161527,-0.024825038,-0.010777143,-0.009301152,-0.0009914872,0.0019940573,0.0014148093,0.0026682094,0.0032975145,0.00041659185,-0.0007663114,0.001966948,0.0009708978,9.9216566e-05,0.0009438672,-0.0015903353,0.0033294125,0.00204536,alt.atheism
36,2.7210853,0.12571211,0.028350696,-0.03109826,-0.010967384,0.0003745666,-0.0027905651,0.0032703478,0.0019115028,0.0007661107,0.0007352459,0.0011900441,6.499856e-05,0.00020873795,-0.00084054447,0.0005390714,0.000787484,-0.00012927632,-0.00094615156,0.000329678,alt.atheism
37,2.6061485,0.10067264,0.03012609,-0.03225621,-0.011718535,0.0016305922,-0.0017772788,0.0050071324,0.0035405357,-0.0004442672,-0.0019685468,-0.0001546799,0.00023016194,-0.00081204134,0.00035095902,-5.4420605e-05,0.0008013471,0.0003366762,0.00029820122,0.0011024148,alt.atheism
38,1.9931011,0.295253,0.0076469476,-0.008482038,-0.008997928,-0.0054441914,0.0026711884,-0.002308985,0.0009433247,0.0021484718,-0.0009860414,0.0010279608,0.0010894309,-0.00091703614,0.00029013815,-0.0008592809,0.000923297,0.0007853829,0.002468339,-4.911503e-05,alt.atheism
39,2.718095,0.40642533,0.0062633143,-0.010326724,-0.011395263,-0.009371372,0.0054537184,-0.0012389622,0.0027151026,-0.0020189602,0.00077666965,0.0013410012,-0.00054522994,-0.0016384263,0.0022546551,-0.00081269635,0.0004620336,0.0010347967,-0.0022726166,0.001647724,alt.atheism
40,2.3418612,0.250823,0.02371759,-0.021984585,-0.010001123,-0.0035945992,0.0005394081,0.0030070716,0.0014257435,0.0031814405,-0.00040791093,0.00018225782,0.003002542,-0.0031790014,-0.000119035176,-0.0011437245,0.002281816,-0.00053569477,-0.00349679,0.0009819376,alt.atheism
41,2.200647,0.31241068,0.010606684,-0.015838731,-0.00679183,-0.008097415,0.0040531615,-0.002582646,0.0009497792,0.0011244278,-0.00070194784,0.00057968014,0.00019925028,0.0015237434,0.0008743755,0.0019024297,0.0016163106,-0.00075671694,0.0016684394,0.0013408617,alt.atheism
42,2.4067032,0.1146152,0.012593964,-0.01695005,-0.009354125,-0.0021422578,0.00010270938,0.0027230124,-0.0018534979,0.0004153675,-0.003440037,0.0011306641,-4.5915058e-05,0.0026590573,-0.00087592733,0.002753684,0.0033179554,0.00241412,0.000713798,0.0009884499,alt.atheism
43,2.92799,0.007851419,0.020636117,-0.02606752,0.004266586,-0.0003067102,-0.0026115093,-0.0014180812,-0.004268661,0.0043450836,-0.0014814006,-0.00031825536,-0.0003392506,-0.0030541925,-0.000490578,0.0013876731,0.0010663959,-0.0007632731,-0.0019403562,-0.00045890597,alt.atheism
44,2.8997846,0.07616987,0.039831568,-0.040757895,-0.017314862,0.0057696933,-0.0048824805,0.006922942,0.007732628,-0.0009793524,-0.0023302205,0.002604678,-0.0032487959,-0.00041021113,-0.0032392151,0.00094097416,0.00085066207,0.00068498804,-0.00038417373,-0.004018469,alt.atheism
45,2.4245267,-0.213628,0.03008911,-0.034150563,0.00094125315,0.008781342,-0.00872708,0.0012899145,-0.002252117,0.009332046,0.0031111303,-0.003664178,0.003684606,0.002406506,0.0014132683,-0.00036336816,1.3224494e-05,-0.0002893824,-0.002432545,0.007576022,alt.atheism
46,2.8896434,0.11729459,0.011115232,-0.013444448,-0.010897597,-0.0006207564,0.0045540966,0.00365605,0.0022981355,-0.006928078,-0.0025216711,-0.0023811925,0.0019527033,-0.0043758354,0.0005222042,0.00061780267,-0.0024661357,0.0034504884,-0.0029351024,0.006031121,alt.atheism
47,2.3497088,0.19028498,0.016338492,-0.01595387,-0.0005349343,-0.004854334,0.00097443716,-0.0026892708,0.00034086037,0.001475699,0.00088763237,0.00079942425,-0.001268576,-0.002208366,-0.0011688315,0.0003306611,0.0008471081,0.0014169812,0.0012572196,-0.0015549156,alt.atheism
48,2.4671397,0.18938324,0.017400702,-0.018946294,-0.0035176103,-0.0009711837,0.00021884208,-0.00015971305,0.0002985985,0.0030321667,-1.8637824e-05,0.00053232635,0.0027883747,-0.0030756027,0.0027779874,-0.0010637221,0.0028465432,-0.0004877805,-0.0022723295,-0.0010152034,alt.atheism
49,2.533598,0.30253527,0.022134736,-0.02021412,-0.012652875,-0.0061462424,-0.00022651421,0.002632997,0.010295814,0.0001453089,-0.0019750837,0.0027716102,0.00026656358,-0.0012436302,-0.0008749245,-0.0049735457,0.0022736313,0.00031562787,-0.00030423593,-0.0008051361,alt.atheism
50,2.4143822,0.22820619,0.015763761,-0.016566759,-0.007851476,-0.0034975726,-0.0010023364,-0.00050621585,0.002202623,0.0010849354,0.00155236,0.0014304401,-0.00028624895,0.00029331824,0.00015787796,0.00020639668,0.00072439254,8.059977e-05,-0.000185972,0.00023577097,alt.atheism
480,4.0416546,-0.5351386,-0.003698048,-0.0050914777,0.0077305115,0.011786093,-0.010061983,-0.0069010304,-0.009635434,0.004727277,-0.023698092,-0.012889347,0.007474261,0.0002332196,-0.0005026016,0.013005231,0.0016353185,-0.005509114,0.0053280653,0.001218024,comp.graphics
481,2.7656238,0.051011074,-0.011333061,0.015227911,-0.013786276,-0.0072801514,-0.007384093,0.0031803593,0.0020855125,0.0011908557,-0.0007546665,0.0025221377,-0.00071342674,0.0033857739,-0.0039652474,-0.00024904788,-0.0018302142,-0.002636498,-0.00020148284,-0.0001641376,comp.graphics
482,2.6154263,-0.020737626,-0.001591489,-0.0059187463,0.00961044,-0.004635295,0.005351057,-0.0061484133,-0.0024222257,0.0042720977,-0.0032990521,0.0006419237,0.001459752,-0.004871844,0.0030296985,-0.0028213004,0.0011373303,-3.8843144e-05,-0.0010661973,0.0012922402,comp.graphics
483,2.1246643,0.3094678,-0.014171294,0.011651859,0.001119839,-0.012246837,0.005844362,-0.0074478174,0.0036445206,0.0017931577,-0.0018709176,-0.00047118065,-0.0006707876,-0.00027069479,0.001093292,0.0003127089,-0.00048147995,0.00018916318,0.00039580354,0.0009268038,comp.graphics
484,2.6184103,0.13230136,-0.0086302655,0.009756928,-0.013214427,-0.0071571125,-0.0032494166,0.0025254744,0.0011436676,0.00086107134,0.00052025454,0.0007339496,-0.0022556982,0.002408284,-0.0030564372,-0.0020979894,0.0020039452,-0.0012382484,-0.00024920842,-0.0011891522,comp.graphics
485,2.7713275,-0.15590851,-0.0238882,0.028275821,-0.017144425,-6.832508e-06,-0.0063982178,0.00030008444,0.0009184051,-0.0027712826,-0.0016008012,-0.00018993726,0.0019424587,0.0037071453,-0.00017837586,-0.002136034,-0.0007891087,-0.003109482,-8.362133e-05,0.0010570365,comp.graphics
486,2.7304144,0.23763269,0.0057989312,-0.00070835935,-0.00526343,-0.0058814255,0.015684983,-0.0017149276,-0.0035086577,0.0008302006,-0.004466047,0.0047482206,-0.0046672164,-0.0045473133,0.0012185692,-0.009999192,-0.0077563776,0.0025747772,0.004142969,4.834625e-05,comp.graphics
487,3.3409636,-0.053380776,0.032414097,-0.028369375,-0.009481675,0.018338567,-0.0059622745,-0.00829254,0.0028943606,-0.0030126562,0.0028270446,0.0003504203,-0.0003882417,0.007105122,-0.0011612256,-0.00060148287,-0.0027665938,0.0003443737,0.00040349044,0.0100983335,comp.graphics
488,3.018687,-0.3593331,0.007595969,-0.01648961,0.008282241,0.004297642,0.009664358,0.00576043,-0.015890174,0.011459541,-0.004246726,-0.0011047069,-0.006108749,-0.009701056,0.0018830966,-0.0074093468,-0.0018300604,0.00471283,-0.0030616706,0.00040694018,comp.graphics
489,2.7865477,0.10820408,0.004304442,-0.008251639,-0.001000927,-0.005658421,0.0011497051,0.0051963106,-0.004792429,0.004748963,-0.0016321971,0.0002441733,-0.0006210168,-0.002881556,-0.0007292441,-0.0053195665,-0.0010739248,-0.0040705577,-0.00017892616,-0.00021588056,comp.graphics
490,2.4782836,-0.16324571,-0.009639638,0.012823294,-0.013835987,0.0121832695,-1.6443231e-05,0.0012298633,0.008676526,0.0036918542,0.0026949272,9.612343e-05,-0.0016826844,-0.0031596962,-0.0011554436,0.00422177,-0.0017119728,4.176249e-05,0.0026445016,0.0005608345,comp.graphics
492,2.2392168,0.20798287,-0.0039020365,-0.0006838729,0.004118868,-0.0066089644,0.0045921975,-0.008790133,0.0049011777,0.0008026099,0.0023626103,0.0005926367,-0.0020695876,-0.005706337,0.0006766176,0.0016239617,0.0006470779,0.0014448564,-0.0002177957,-0.001893435,comp.graphics
493,3.0474727,-0.08296607,-0.013088927,0.008164684,-0.0027510878,-0.0030672115,0.0060273726,-0.0034990408,-0.0036170417,0.0010287926,-0.0028475048,0.00097534136,-0.0017428582,-0.0026182767,9.663717e-06,-0.0002882225,-0.00075153116,-0.0009782509,0.00042489314,-0.000475609,comp.graphics
494,3.1750228,0.28679925,0.01901296,-0.021066243,-0.0029562644,-0.0058224504,0.0043657944,-0.0068840557,-0.013226098,-0.0011906053,0.025113804,-0.021861056,-0.0035053676,0.0003219737,-0.00949135,0.008326613,-0.007355754,0.0072999573,-0.0041889055,-0.008034831,comp.graphics
495,2.7527766,0.12622109,-0.036096364,0.04166897,-0.01688619,-0.014059507,-0.0034808817,-0.0039681448,0.007113833,-0.0011013559,-0.007032999,-0.0023780435,0.00066728116,0.0033560921,-0.0031598853,0.0004242294,0.0017242549,0.0013069431,-0.0034691622,-0.0016740304,comp.graphics
496,2.8867714,-0.04286278,-0.00158638,-0.0029894705,0.0018378409,-0.0021599233,0.0010808132,-0.0045434083,-0.0028669017,0.00037444005,0.0009346627,-0.0028740417,0.0056685186,0.0022429205,-0.0024477732,-0.0016835573,0.0027305773,-0.0013810331,-0.00016610797,-0.00020838741,comp.graphics
497,3.0265546,0.00933453,-0.000749619,-0.0036964659,-0.008352317,-0.0008538254,0.0053356052,0.008361925,-0.0050666747,0.008692997,0.0029530325,-0.010337987,-0.0051028966,0.0011452187,-0.0014543287,-0.002632237,0.0011143914,-0.0007964049,0.006180657,-0.0027839942,comp.graphics
498,2.8236644,-0.013874071,-0.00828092,0.008406575,-0.008063284,-0.000862394,0.009573686,0.002577571,-0.0043701604,-0.0015433842,-0.0001281453,-0.002495001,-0.0021405173,-0.0033507233,-0.0035263833,-0.003747049,0.0035068844,-0.00044512853,-0.00046754407,-0.00033934816,comp.graphics
499,2.3339443,0.30413836,0.007505458,-0.0035636555,-0.0052498095,-0.006039163,0.0011432557,-0.0064013028,-0.00020071909,0.00025172567,0.0075546624,-0.0019378652,0.0001778322,-0.00135499,-2.5248239e-05,-0.0024508247,0.002683927,0.00031964408,-0.0011551827,0.0020813583,comp.graphics
500,3.279733,-0.2992846,-0.0046714684,0.0043280446,-0.011047755,0.010873707,0.0002073459,0.00015045913,-0.002316137,1.2731361e-05,0.003229192,-0.0029705989,0.0028625685,0.003950808,0.00047326548,-0.0053561563,-0.0015981593,0.0031245009,0.00473281,0.0001358448,comp.graphics
501,2.835511,-0.20965967,-0.028708724,0.029111315,-0.015850386,-0.0012185404,0.001982714,0.002513058,-0.00082490756,-0.007041981,0.0023826614,0.00331329,-0.0024083087,-0.003459398,-0.0012670977,0.0026071935,-0.0052592168,-0.0060377195,0.0023568207,0.0027129618,comp.graphics
502,2.6547565,0.12286481,-0.00758216,-0.0012012711,0.0194075,-0.0073935357,0.0032258183,-0.01625837,-0.005639201,0.005052728,-0.0013443202,-0.007669126,0.0014009395,-0.000436363,-0.0006452752,0.002135979,0.0041432814,0.003493325,0.00033470851,0.005593836,comp.graphics
503,2.7813401,-0.1560891,-0.027059492,0.02735815,0.0043540746,-0.004093824,-0.0064539383,-0.00018980596,-0.00016439594,0.00046992695,-0.0034442595,-0.00041928416,0.0005252647,0.0010789715,-0.0034837364,-0.0062850397,-0.00044269944,0.0014517232,-0.0023219117,0.0030049945,comp.graphics
504,2.6903691,-0.05345741,-0.0043416177,0.0025824124,-0.00399248,0.003428392,0.0040677437,-0.004031563,0.0011631112,-0.001140676,-0.0019917232,-0.0018224925,0.0019347661,0.00038049425,-0.0020205302,-0.001017368,-0.00026437125,-0.0010203202,0.0021342572,-0.00076747424,comp.graphics
505,3.1339984,-0.041426167,-0.016754806,0.013864628,-0.005038068,0.00017054088,0.008617657,-0.0066761393,-0.0007052311,-0.0006337218,-0.007225375,-0.0044502215,0.004967543,0.0016546892,0.0003849001,-0.0017714512,0.00018033973,-0.0011081772,-0.00042796854,-0.005743242,comp.graphics
506,2.075199,0.28141657,-0.014007511,0.011736833,-0.007857805,-0.0070766937,0.010530719,-0.0058950917,0.002555265,0.00092730357,-0.0027095652,-0.00043694652,0.0031094295,0.0005491443,0.0018096465,-0.0026879557,-0.0007956963,-0.00072471256,0.0022119884,0.0009148461,comp.graphics
507,1.9784348,0.98425025,0.29545018,0.23166843,0.0411533,0.0026905187,-0.0011052822,-0.0007492582,-0.0017168492,0.0005914852,-0.00061906426,-5.6807396e-05,0.0004453221,-0.0003008465,0.000804551,0.0007255537,0.00045694245,-0.00031452192,7.631934e-05,-0.00038854158,comp.graphics
509,2.9577885,0.05299005,-0.0049944906,0.005942818,-0.007193696,-0.0055126683,-0.00045977876,0.0017624125,-0.00066720037,-0.00086275995,-0.0041620703,0.0001825406,-0.0007773072,0.001720454,-0.0041356073,-0.0026734741,-0.0020561947,-0.0029065602,0.0012040209,-0.0031658476,comp.graphics
510,1.9271833,0.32823893,-0.02617386,0.02066014,-0.009488614,-0.012599187,0.019361595,-0.009688103,-0.0004720965,-0.0069957785,-0.0074551213,-0.0039838213,0.0016101403,0.0076105925,0.0073190844,-0.0037226074,-0.0026201662,-0.002119734,0.0022135938,0.00019117996,comp.graphics
511,2.974107,0.06803041,-0.023082007,0.021075508,0.025480663,-0.014583146,-0.0042112092,0.009845602,0.008460025,0.0038463369,0.0064197774,-0.0009828338,0.0026926235,-0.0015939339,-0.0031929119,-0.0012798704,-0.001729177,0.00026599655,0.00928826,-0.00084221706,comp.graphics
512,2.3834121,0.17587207,-0.037911654,0.037272345,-0.017916132,-0.008649038,0.0093364725,-0.0076297987,-0.0008700539,-0.0030456427,-0.004675623,-0.0036151414,-0.0027798729,0.011588365,0.0017940677,-0.0002796914,-0.0028851589,0.0029792471,-0.0013536939,-0.0035195732,comp.graphics
513,3.9358106,-0.99756896,-0.014050168,0.0032935175,0.12294855,-0.008116131,0.020463882,0.044806033,0.0021778943,-0.0036572164,0.0030427512,-0.005457439,0.01131038,0.0068405457,0.0008699973,-0.0037551161,0.000985872,0.0006123026,-0.0015786297,0.002702022,comp.graphics
514,3.199992,-0.2640411,-0.03774456,0.039422598,-0.009308692,-0.012961333,-0.016292047,0.0069618067,1.8644887e-05,0.003792382,-0.0033493135,-0.0001317751,-0.0013901128,0.005490214,-0.0066743493,4.0187904e-05,-0.003056665,-0.0029680624,-0.004593066,0.00029556843,comp.graphics
515,3.2750506,-0.46876952,-0.05976853,0.062332876,-0.022629088,0.002509814,-0.013248094,-0.005973484,0.0075649293,-0.007089602,0.003611758,-0.0068407757,0.0075189397,-0.0041726436,0.013674067,-0.0045144204,0.0042495984,0.011118542,0.0024803197,-0.0011413692,comp.graphics
516,2.9235473,-0.083378285,-0.01912896,0.018373022,-0.004331962,-0.0061267624,-0.008137662,-0.0026288228,0.0036896362,0.0012574303,-0.0024788866,0.0004530804,0.0001729176,-0.00034721332,-0.0022884288,0.00011553225,2.682575e-05,-0.002059442,-0.00092321075,0.0008176664,comp.graphics
517,3.099875,-0.059479587,-0.008216144,0.00938811,-0.00595297,-0.004941758,0.00023356562,0.0022729381,-0.0010476742,6.317094e-05,-0.0031259893,-9.328523e-05,-0.00037499325,0.00073174754,-0.0018703159,-0.0029747891,0.0016495393,-3.6037654e-05,-0.0013540545,-0.0012928918,comp.graphics
518,2.7136497,0.00782825,-0.01456939,0.01272657,-0.0016970291,-0.009467011,-0.005721502,-0.0017898913,-0.00069741777,0.0034243609,0.00045446528,0.0010558775,-0.00055438775,-0.0043434757,-0.0006631799,-0.0011565854,-0.00065631093,-0.0012809726,0.0018342901,0.00080040673,comp.graphics
519,2.6108305,0.16769496,-0.00018009497,-0.0013723513,-0.008807264,-0.0056889416,0.0027238813,-0.0026106043,-0.0013848011,-0.002544609,0.002345506,0.0008061418,-0.00063145347,0.0004040156,-0.0007945681,0.0006777934,0.00073277234,0.000528714,4.787598e-06,0.0021037315,comp.graphics
520,3.1392653,-0.13063984,-0.053905953,0.06046368,-0.027749563,-0.012893845,-0.023294559,0.009100108,0.0066102403,0.0007175456,-0.002968252,-0.003586081,-0.002566287,0.004372334,-0.002493652,0.0010119807,-0.0004146869,0.0053257863,-0.0050497577,0.0017290842,comp.graphics
521,2.8351517,-0.0352667,-0.014863451,0.012447002,0.0010629512,-0.004896238,0.0022500902,-0.0056136968,-0.0019216223,-0.0029092636,-0.003976911,-0.00025199418,-0.0005641514,-0.0021048223,-0.004947222,0.0028760822,0.0025325622,-0.0009065765,-0.0040909676,-0.0011116011,comp.graphics
522,2.6388357,0.09321405,0.003965373,-0.0056590936,-0.005063474,-0.0037507263,0.0066323746,-0.0025462566,-0.004375839,-0.0015152028,0.00088559475,-0.0025414375,0.0034709487,0.00499386,-5.587922e-05,3.6550282e-05,-0.0031455979,-0.0034819108,0.0026216335,-0.0010526661,comp.graphics
523,2.4741826,-0.36423525,-0.011709037,0.008144291,0.013340639,0.004187922,-0.0013246479,0.005244113,-0.005397365,-0.005573935,0.0009493557,-0.0008668821,-0.00075948186,-0.0022558225,-0.00034774412,-0.0017028822,0.003286966,-0.0014427811,-0.004072257,-0.0019748593,comp.graphics
524,2.6480691,-0.05867759,-0.007751447,0.0041388203,0.009014698,-0.0005186079,0.007249088,-0.001022691,0.0022752758,0.00019223779,-0.0010025803,0.0018983379,0.0025447214,-0.0013346423,0.0011448403,4.4159067e-05,-0.0009744373,-0.000845561,0.0011425713,0.0012493752,comp.graphics
525,2.5258806,0.041291516,-0.0005166094,-0.002867438,-0.0034405512,-0.002244424,1.0671022e-05,0.0022108448,-0.0030287523,0.0046579125,-8.400744e-05,0.00028610273,0.0022434434,0.0013404784,-0.00030367885,-0.0033862016,-1.848528e-05,-0.0013206318,0.00019879799,-0.0005861133,comp.graphics
526,3.4648073,0.15339172,0.017333144,-0.027675757,-0.010240885,0.0005383049,0.0018166275,0.007012067,-0.00068164786,0.003961756,0.00361182,-0.009960789,-0.0057684714,0.009719927,0.02099056,0.0076103345,-0.0016477237,-0.009583449,-0.0015572878,0.0038204677,comp.graphics
527,2.858155,0.22244807,-0.01811055,0.01542511,-0.0103622265,-0.0050227605,0.012535177,-0.0050872318,0.00081420835,0.00091330695,-0.004189505,-0.0056604045,0.0048419395,0.005898017,-0.004705417,0.0034895346,-0.002544985,-0.0016394478,0.0024266343,-0.0006533462,comp.graphics
528,2.8298407,-0.2170808,-0.03842709,0.043843932,-0.008609934,-0.0047387243,-0.012005169,-0.00074904057,0.0040462827,0.0019656317,-0.001849129,0.002340562,0.0014616834,-0.0031068975,-0.0043315333,-0.003212152,-0.003528973,-0.0015101981,0.0017889414,0.0002015394,comp.graphics
529,3.1726758,-0.29816148,-0.02859991,0.024669414,0.02032559,-0.010285373,-0.012198941,0.0025368403,-0.0025064235,0.0037699419,0.0021944968,-0.0004765693,-0.002093155,-0.0019951824,-0.002909604,-0.0011281662,-0.004226599,-0.0048228675,-0.001679032,-0.0011023717,comp.graphics
530,2.9669702,0.22050872,0.0036318158,-9.982663e-05,-0.0109384395,-0.0056853117,0.0023031374,0.0033276908,0.002858539,-0.0009678307,0.0007001033,-0.0025022486,-0.0035251027,-0.0005350354,4.2805423e-05,-9.033867e-06,0.0038158207,-0.0014841178,-0.0017990179,0.0013210751,comp.graphics
531,3.0911293,-0.12652525,-0.009261537,0.0069803786,0.0076341736,0.001276664,-0.01223159,-0.00034750142,0.0030214393,-0.00026735364,0.0036866108,-0.00037534718,0.0032737895,0.0031925822,-0.0016151109,-0.0048551923,0.00022060359,6.498814e-05,-0.0044140704,0.00029337488,comp.graphics
1064,2.5136595,-0.2602533,-0.0034856892,-0.0033444108,0.00627301,-0.002982326,-0.0041965344,0.0019146042,-0.009955061,0.00805577,-0.0039004742,0.0006099523,-0.00016273532,-0.0063914624,4.5075485e-05,-0.0010439784,0.0015644635,0.00021079008,-0.0037011553,-0.0017574568,comp.sys.ibm.pc.hardware
1065,2.5245583,0.13260572,-0.003549181,0.0028886427,-0.011282514,-0.006932512,0.003644696,0.0018842801,-0.004722602,-0.0064812154,0.0025848467,0.0027409606,-0.006247736,-0.0010773776,-0.0015109495,0.0009350036,0.0027634315,-0.0022227415,-0.0003953051,-0.0014938642,comp.sys.ibm.pc.hardware
1066,3.1710489,-0.3586142,-0.0102738645,0.012848372,-0.0076581156,0.017586289,0.006911091,0.0024377448,-0.0036409218,0.0038314755,0.005455701,0.0025463763,-0.001389444,0.0022929637,-0.00047812576,-0.0018014684,0.0004102235,0.008511993,0.004914068,-0.0015681993,comp.sys.ibm.pc.hardware
1067,3.2650664,-0.5837351,-0.04620832,0.047039468,-0.01686615,0.009726617,-0.004424675,0.006257271,-0.005252448,-0.0074878866,0.006258602,0.0017423534,-0.0008073657,-0.007448808,0.0031557532,0.0017814821,0.00010650068,-0.0065246737,0.0029421137,-0.0026002047,comp.sys.ibm.pc.hardware
1068,2.9972982,-0.028495718,-0.028624289,0.027647479,0.0044779624,-0.008324956,0.005202366,-0.012619319,0.0013512503,-0.0043226983,-0.0046838024,0.0018331412,-0.0022267231,0.0006621746,-0.0025123616,0.0015903213,0.004520486,-0.0016108338,-0.0033127929,0.00053305965,comp.sys.ibm.pc.hardware
1069,2.9678922,-0.107508115,-0.011006494,0.015305729,-0.010512097,0.0016727039,0.005284237,0.0061562997,-0.0032788613,-0.003728883,0.00018190306,-9.8597615e-05,-0.001973025,0.001209832,-0.0033961413,-0.0014660084,0.0025010875,-0.0012572297,0.0017535599,0.0013212555,comp.sys.ibm.pc.hardware
1070,3.4357986,-0.28120944,0.001228663,-0.0061466545,0.012258953,0.004770671,-0.0030154902,-0.010953011,-0.0019725142,0.0022139905,0.001470189,-0.002980716,0.007651492,-0.00058359274,0.00010184069,-0.003470668,-5.8082707e-05,0.0013182438,-0.0042922567,0.00091577397,comp.sys.ibm.pc.hardware
1071,2.6385674,0.16923824,0.0049076634,-0.006111968,-0.011575688,-0.004522345,0.0026813743,0.0010341464,-2.395057e-05,-0.0005571384,0.0010431817,0.0003333358,-0.0011569663,0.0018101304,-0.00068627443,-0.0016441193,0.0017788949,-0.0011496327,-0.00013015553,0.00047637202,comp.sys.ibm.pc.hardware
1072,2.5098057,0.056304153,-0.0035048446,0.004035669,-0.008197022,-0.0006097299,0.007548603,0.0008319927,-0.003158055,-0.00037332176,0.00034302095,0.0012090387,-0.0005067465,-0.0012187836,-0.0018379501,0.00080121367,0.0006949156,-0.0012285566,0.0007937635,0.0012375562,comp.sys.ibm.pc.hardware
1073,2.7233582,0.06366637,-0.0125509985,0.0038947712,0.004044018,-0.005510053,-0.00057735806,-0.01412091,0.0008676374,0.0018783824,0.003126733,0.0005330288,0.0012689257,-0.0021575273,0.0030406523,-0.00026366618,0.0008309124,0.00032468882,-0.003930172,-0.0007916443,comp.sys.ibm.pc.hardware
1074,4.24241,-0.59290683,-0.044285037,0.05295788,-0.033782404,0.04575838,0.029778274,0.0033285308,0.01997176,0.02769618,0.0030209292,0.0027680716,-0.0010072357,0.0020318828,-0.0043331087,0.007277548,-0.0044262614,5.4179025e-05,-0.0042249216,0.0011357259,comp.sys.ibm.pc.hardware
1075,3.5716326,6.5989437,-0.097904086,0.007646837,0.09275521,0.029400494,-0.010919275,0.005253756,-0.0033638973,-0.0028702377,-0.0014909386,0.00042081566,-0.0001759449,-0.00069198065,7.450404e-05,0.00022667607,-0.00067560904,-0.0005131797,-0.000863446,1.068483e-05,comp.sys.ibm.pc.hardware
1076,2.7845778,-0.28120023,0.007137449,-0.013027687,0.0074411724,0.0033230046,-0.0035483413,-0.002022901,-0.010384744,0.0064958767,-0.007823402,0.0026586656,-0.0003238534,-0.0069468385,0.0016589804,0.0010469067,0.0020835393,0.0022465969,-0.006212323,0.009528156,comp.sys.ibm.pc.hardware
1077,2.562241,0.17147332,0.0030473352,-0.0045346124,-0.0053559598,-0.0032503433,0.0008510493,-0.0017927915,-0.0016891409,8.1069484e-05,-0.00065292267,-0.0018851492,0.00030952794,0.0014100288,-0.0012082433,-0.0005512599,0.00052704604,0.0004503463,0.0028008006,-0.0035995767,comp.sys.ibm.pc.hardware
1078,3.0457654,-0.037673943,0.008450952,-0.019843988,0.018212162,-0.008242743,-0.0038401033,-0.018293992,-0.00082361023,0.004326254,0.012207766,0.0023793464,0.012544542,-0.002681079,-0.001112787,0.0016706533,0.0021796888,-0.0068776035,-0.005558182,0.0007864621,comp.sys.ibm.pc.hardware
1079,3.514045,-0.30730247,-0.02581588,0.028564196,-0.019575244,-0.00018579097,-0.0003938382,0.0063237823,-0.009971977,-0.011455093,0.008248206,0.004538444,-0.0039970367,-0.0016094659,0.004806044,-0.003417236,-0.006070504,-0.0015636593,0.008117794,0.0053905332,comp.sys.ibm.pc.hardware
1080,3.8664162,-0.7663253,-0.011933876,0.004008736,0.036358513,0.01817987,-0.0016702216,-0.013162574,-0.0026761799,-0.009384563,0.0032037927,-0.0006043136,0.0030728027,0.005150272,-0.0020152945,-0.0011005909,0.008626901,0.00552852,0.0055543045,0.005203674,comp.sys.ibm.pc.hardware
1081,2.9226794,-0.07460196,-0.014741469,0.015617339,-0.0129265515,-0.00051174563,0.0041506817,0.0002742489,-0.0030813343,-0.0047266823,0.0028950877,0.0018867654,-0.0022329185,-0.0011342999,-0.002431983,0.0013457527,0.0014217341,-0.0029085833,-0.0009556443,0.00077794737,comp.sys.ibm.pc.hardware
1082,2.6047704,0.13435084,0.004961409,-0.008145307,-0.0031153993,-0.004873147,0.0023020941,-0.0039036467,-0.0012810446,-7.166845e-05,0.0027401864,0.0035418202,-0.0033430813,0.0022409707,-0.00071455684,0.0024668428,0.0022482842,-0.00198475,0.0007978257,-0.00028352687,comp.sys.ibm.pc.hardware
1083,2.7759166,-0.039951123,-0.010921973,0.0048523434,-0.009619455,0.0067468365,0.002055534,0.003404796,-0.006957845,0.008342268,-0.0069632363,0.0037004007,-0.0005552386,-0.0053224745,0.0014986403,0.0019429931,0.0036071173,0.003342212,0.0011443279,-0.0019128097,comp.sys.ibm.pc.hardware
1084,3.142386,-0.2737436,-0.02157723,0.024516577,-0.019585285,0.0022350238,-0.01875467,-0.0007153351,-0.001936959,0.0013049591,-0.0049388586,0.0019341953,-0.004495156,0.005705103,0.0057908567,-0.00023269965,0.0012014647,0.011593048,-0.00080104114,-0.002811893,comp.sys.ibm.pc.hardware
1085,3.468704,-0.2324876,-0.004156762,0.0027954965,-0.0023501844,0.00634861,0.009343899,0.005302475,-0.0034868289,-0.0021238395,0.0012423558,0.0025436427,-0.00017048224,0.001630855,0.004119282,-0.003251056,0.0013890299,0.0038771855,-0.0016759423,-0.0022795855,comp.sys.ibm.pc.hardware
1086,2.920704,-0.28680933,-0.023124922,0.023106012,-0.0154776815,-0.0014767025,-0.012587799,0.006167322,-0.0023393293,-0.00040273656,-0.00010220012,0.001644981,-0.0023111817,-0.0021489873,0.0010556061,0.0016000511,-0.00044265058,0.0023691282,0.00283532,0.00051676756,comp.sys.ibm.pc.hardware
1087,3.6958928,-0.69522434,-0.024249902,0.021801123,0.01621935,0.008174753,-0.019801743,0.0013903911,-0.0030659032,0.0034848298,-0.0008156781,0.000802009,0.003104421,-0.004098134,-0.0035188117,-0.0036188152,-0.00601898,-0.0036690375,0.006999338,0.002380723,comp.sys.ibm.pc.hardware
1088,2.5689971,-0.022402555,0.0063657984,-0.006799073,-0.006325859,-0.0026511694,0.00018297404,-0.0015128052,-0.000106203,-0.00095005246,-0.0011678063,-0.000106607935,-0.0016608521,-0.0012902814,0.0005797411,-0.00014117212,0.0022173878,-0.0028467763,0.0023717086,-0.0011087653,comp.sys.ibm.pc.hardware
1089,3.056672,-0.24002364,0.02369275,-0.025790328,-0.006851032,0.0044201924,-0.00013429079,0.008646674,-0.011393986,0.002372111,-0.0009364561,-0.0012968081,0.00013762055,-0.002035691,0.0024221346,-0.0043646987,0.0007823378,0.002083164,-0.0010231525,-0.0020804098,comp.sys.ibm.pc.hardware
1090,4.7630424,-1.7218412,-0.012785408,-0.026628228,0.22893368,-0.013812269,-0.0014842873,-0.0055097635,0.008170459,0.0009633535,-0.0035438407,0.0036381385,-0.010281209,-0.0012084906,0.0024613605,0.007625557,-0.0029356938,0.0024708365,0.00091767265,-0.0026967383,comp.sys.ibm.pc.hardware
1091,3.424175,-0.5772903,-0.03816681,0.03694208,0.006890337,-0.00346631,-0.011426219,0.007095211,0.0064945025,0.0029322077,0.004158373,0.0010912314,0.0052936627,-0.002092142,0.00012933755,-0.00075850484,-0.0011933813,-0.004324344,-0.0070370547,-0.000864181,comp.sys.ibm.pc.hardware
1092,2.938056,-0.0027798775,-0.007469807,0.0067406306,-0.0025715563,-0.0026116646,0.0032301703,-0.00341828,0.0030251017,0.00040888684,-0.0005043042,0.0018326419,0.0012696037,-0.0008028001,-0.0020542862,-0.0006321399,-0.0023186537,-0.0026995577,0.0026003465,0.0021599077,comp.sys.ibm.pc.hardware
1093,3.042247,-0.08828281,-0.011725387,0.016715579,-0.01800254,-0.001335729,-0.015108517,0.0016485833,-0.0015823663,0.0030520037,-0.0029483233,-0.0013657743,-0.002835257,0.0019449714,0.0048323623,0.0038698567,0.003756797,0.0064787064,6.8853675e-05,-0.0014305173,comp.sys.ibm.pc.hardware
1094,3.4554102,-0.3289846,-0.0049054027,0.0018599238,-0.0054157875,0.00816037,-7.0449154e-05,0.006517625,-0.009485378,0.0022499566,-0.00035433643,-0.0010943178,-0.0012600808,-0.001636218,-0.0006617384,-2.4158024e-05,0.002010782,0.0003935018,0.0024002942,-0.0014866814,comp.sys.ibm.pc.hardware
1095,2.9752054,-0.17623164,0.008620517,-0.009952122,-0.0059173354,0.010763252,0.0016646592,0.0028868967,-0.0027321023,0.0012769686,-0.0014383025,-0.0019544857,0.0023401328,0.0050256224,-0.0027943158,-0.005265499,-0.0016663399,0.0010055491,0.0049968003,-0.0012653244,comp.sys.ibm.pc.hardware
1096,3.1137683,-0.2359214,-0.008834945,0.009636468,-0.008092655,0.0053341454,0.0059107663,0.001673351,-0.0013981424,-0.0051787742,-0.0011142681,0.003223579,-0.0053643426,-0.0020205507,-0.0030262535,0.00065248937,0.0019074982,-0.00081970607,-0.0017866554,-9.847293e-05,comp.sys.ibm.pc.hardware
1097,1.4357998,1.3440295,-0.008010311,0.0024113855,0.0021967413,-0.026722033,0.011045817,-0.006907471,0.006574978,0.011438532,0.0053754426,0.0020254767,0.0015670056,-0.004341712,0.0027293982,-0.0036484865,-0.00026435705,0.0018936216,0.0054674787,-5.2608473e-05,comp.sys.ibm.pc.hardware
1098,3.3404062,-0.19462001,0.019569,-0.014885995,-0.014640298,0.018573375,0.009629244,-0.0029299527,-0.0014849415,-0.015111914,-0.0029804748,0.0038128123,0.00216731,-0.00016059402,-0.0053433212,-0.002879273,-0.008095086,-0.0026243583,-0.008402706,-0.006199167,comp.sys.ibm.pc.hardware
1099,3.3997033,-0.31769997,-0.022968786,0.026470609,-0.018869415,0.011186042,-0.0046400684,0.0034356832,0.00017636617,-0.0046778983,0.00651215,0.0018639634,-0.001312203,0.00072060636,0.0033502104,0.002909698,0.0029852327,-0.00048054446,4.78936e-05,-0.004259237,comp.sys.ibm.pc.hardware
1100,3.3804958,-0.43257946,-0.0023667999,-0.002376196,0.007884134,0.015254071,0.010098166,-0.004609647,0.003035905,0.005506202,-0.0005441279,-0.00069873023,0.005596177,-0.000523665,0.0031019885,-0.005503711,-0.0012834386,0.0011964885,-0.0013990346,-0.0031148824,comp.sys.ibm.pc.hardware
1101,2.839947,0.035978958,0.003957533,-0.00596595,-0.0045259586,-0.0027846494,0.0055133267,-0.002342554,-0.002766851,-0.0016756796,-0.0044827047,0.0008059425,0.0010721443,-0.0030751198,0.0031574822,0.0015354268,-0.0008928695,-0.0012400934,-0.00015757082,-0.0021715295,comp.sys.ibm.pc.hardware
1102,3.5109458,-0.6801761,-0.0033184835,-0.0046083513,0.045603957,0.013901389,0.004757765,-0.0061220042,0.0015168532,-0.008460225,0.005264649,0.004864173,-0.0021157246,0.0012194487,-0.0017371647,-0.0008320472,0.0076079713,0.00039866936,-0.0024421862,-0.0012563112,comp.sys.ibm.pc.hardware
1104,2.7736325,-0.04753324,-0.018906735,0.018436264,-0.014548017,0.00047473094,-0.002906341,0.00083062256,0.0016582098,-0.0006817175,-0.0008594816,0.0016714943,-0.0009962904,0.0021487032,0.0009086496,0.003826726,0.0026437487,0.0016107713,0.0025191368,0.0002675336,comp.sys.ibm.pc.hardware
1105,2.625988,0.0066557503,-0.022598848,0.021802023,-0.006301594,-0.0034335242,0.020554066,-0.008836698,0.0008085364,-0.0060865786,-0.0050040535,0.0032783563,-0.0009388288,0.004136539,0.0031691086,0.0025044016,-0.0014895675,0.00012445473,-0.0013879966,-0.0014189535,comp.sys.ibm.pc.hardware
1106,3.037991,-0.0028799924,-0.015385552,0.019013649,-0.013381195,-0.00049056,0.010236612,0.0039990223,-0.001262386,-0.003960124,0.0035950535,0.001438699,-0.008063052,-6.725651e-05,0.002571548,0.005948396,0.011296104,-0.0046415594,0.00072242675,0.0022813303,comp.sys.ibm.pc.hardware
1107,2.6984637,-0.44139224,-0.044652272,0.04209726,-0.010965011,0.0075775916,-0.007790112,-0.0049649384,0.0036706221,-2.9915785e-05,0.011655391,-3.899494e-07,0.007875126,-0.010273099,0.0085536055,0.0034587232,0.0026211417,-0.006975268,0.00066678785,-0.0075984495,comp.sys.ibm.pc.hardware
1108,3.370611,-0.26826963,-0.013046546,0.020876624,-0.015548794,-0.001985403,-0.006391772,-0.0023694935,-0.0065666116,-1.1012339e-05,0.0024413634,0.007982866,-0.009689091,0.0020132745,-0.00022496429,0.007070744,-0.010488702,0.0052055507,-0.0047840932,0.008425836,comp.sys.ibm.pc.hardware
1109,3.7678032,-0.60311216,0.05087746,-0.053379044,0.036086522,0.01893828,-0.017098151,-0.025662407,0.0018927607,-0.0031315025,-0.0012897309,0.00073212956,-0.0049940515,0.0036643166,0.0028151574,-0.008409547,-0.010979348,-0.0037112953,0.0023624494,-0.004522364,comp.sys.ibm.pc.hardware
1110,2.3351142,-0.015095425,0.0050357236,-0.0032960712,-0.00846257,-0.0024582807,0.0043525356,0.0035644295,-0.0015516779,-0.0022766395,-0.0015515959,0.0028802766,-0.00013855973,0.0020629417,-0.0015235563,-0.0016133732,-0.0024236713,0.0021289007,-0.0032791472,0.002805178,comp.sys.ibm.pc.hardware
1111,3.507324,-0.4886885,0.0038870133,-0.01217352,0.037698828,0.012051616,0.001916879,-0.016132608,0.0019680266,-0.0055821924,0.00245998,0.0035833367,-0.0017074267,0.00082547835,-0.002514749,-0.0013292908,0.0037430124,0.00053731306,-0.0008432997,0.0013140448,comp.sys.ibm.pc.hardware
1113,2.8553517,-0.13350996,-0.017000051,0.020674102,-0.017050989,0.007238103,0.012361922,0.006811563,-0.0035542191,-0.006149222,0.0009296522,0.0051463684,-0.0065000677,-0.0018481392,0.0014760491,0.0038229025,0.0021103432,-0.0023429878,0.0004170453,-0.00019270973,comp.sys.ibm.pc.hardware
1114,2.1863918,0.35193735,0.000661915,0.000114642666,-0.006755141,-0.0076587023,0.006105929,-0.0020789204,0.0052308636,0.0029681162,-0.0020849742,0.0014279762,-0.0009057582,0.00015680389,0.0027786058,-0.0023996711,-0.0033030384,-0.0014533703,-0.00077157933,-0.0028717408,comp.sys.ibm.pc.hardware
1115,2.465338,0.1586831,-0.012853767,0.012377931,-0.008165405,-0.0036297753,0.008630226,-0.0031009982,0.0009638868,-0.0012962695,0.000759044,-0.00019810206,3.6792862e-05,0.002891517,0.00043482266,-6.5686014e-05,-0.0011123684,0.00076297746,-0.00033586958,0.0017741879,comp.sys.ibm.pc.hardware
